,Acquired_Customers,Simulated_Ad_Spend,Blended_CAC,Initial_M0_LTV,6M_Cumulative_LTV,12M_Cumulative_LTV,Payback_Period_Months,LTV_to_CAC_12M
2017-01,717.0,37906.0,52.87,21.33,21.44,21.62,,0.41
2017-02,1628.0,54304.0,33.36,19.98,20.16,20.35,,0.61
2017-03,2503.0,70054.0,27.99,19.84,20.21,20.42,,0.73
2017-04,2256.0,65608.0,29.08,20.66,21.03,21.34,,0.73
2017-05,3451.0,87118.0,25.24,19.54,19.86,20.19,,0.8
2017-06,3037.0,79666.0,26.23,19.13,19.48,19.78,,0.75
2017-07,3752.0,92536.0,24.66,17.86,18.14,18.38,,0.75
2017-08,4057.0,98026.0,24.16,18.8,19.18,19.48,,0.81
2017-09,4004.0,97072.0,24.24,20.67,21.08,21.25,,0.88
2017-10,4328.0,102904.0,23.78,20.45,20.72,20.96,,0.88
2017-11,7060.0,152080.0,21.54,19.3,19.6,19.68,,0.91
2017-12,5338.0,121084.0,22.68,18.53,18.76,18.83,,0.83
2018-01,6842.0,148156.0,21.65,18.54,18.81,18.86,,0.87
2018-02,6288.0,138184.0,21.98,18.13,18.43,18.47,,0.84
2018-03,6774.0,146932.0,21.69,19.5,19.71,19.71,,0.91
2018-04,6582.0,143476.0,21.8,20.2,20.41,20.41,,0.94
2018-05,6506.0,142108.0,21.84,20.29,20.52,20.52,,0.94
2018-06,5878.0,130804.0,22.25,20.04,20.15,20.15,,0.91
2018-07,5949.0,132082.0,22.2,20.25,20.34,20.34,,0.92
2018-08,6144.0,135592.0,22.07,18.81,18.81,18.81,,0.85
